Workbook

Sheet Body
A1: Category | C1: Value | D1: Unit | E1: Comment
A2: Type | C2: Body
A3: Instance | C3: FSAE_Achilles
A4: class | C4: Body_Axle2
A5: Body | B5: Axle F | C5: [0 0 0] | D5: m | E5: X, Y, Z coordinates ( DO NOT CHANGE )
B6: Axle R | C6: [-1,575 0 0] | D6: m | E6: X, Y, Z coordinates
B7: CoG | C7: [-0,8741 0 0,35] | D7: m
B8: Width | C8: {=('HardpointsRr'!C9*2+'HardpointsFr'!C9*2)/2} -> 1265 | D8: m
B9: Track F | C9: {='HardpointsFr'!C9*2} -> 1280 | D9: m
B10: Track R | C10: {='HardpointsRr'!C9*2} -> 1250 | D10: m
B11: Mass | C11: 259.07 | D11: Kg | E11: Chassis + Bodywork + Electrical + Motors + Gearbox

Sheet Susp Front
A1: Category | B1: Element | C1: Value | D1: Unit | E1: Comment
A2: Type | C2: Linkage
A3: Instance | C3: DoubleWishbonePushrod_FSAE_Achilles_f
A4: class | C4: DoubleWishbone Pushrod
A5: LowerWishbone | B5: Inboard Front | C5: {="["&_xlfn.TEXTJOIN(" ",TRUE,'HardpointsFr'!B2/1000,'HardpointsFr'!C2/1000,'HardpointsFr'!D2/1000)&"]"} -> [-0,184907 0,234925 0,126241] | D5: m | E5: Hardpoint X, Y, Z coordinates ( DO NOT CHANGE HERE )
B6: Inboard Rear | C6: {="["&_xlfn.TEXTJOIN(" ",TRUE,'HardpointsFr'!B3/1000,'HardpointsFr'!C3/1000,'HardpointsFr'!D3/1000)&"]"} -> [0,182434 0,255272 0,126239] | D6: m | E6: Hardpoint X, Y, Z coordinates ( DO NOT CHANGE HERE )
B7: Outboard | C7: {="["&_xlfn.TEXTJOIN(" ",TRUE,'HardpointsFr'!B4/1000,'HardpointsFr'!C4/1000,'HardpointsFr'!D4/1000)&"]"} -> [-0,012000 0,588501 0,141000] | D7: m | E7: Hardpoint X, Y, Z coordinates ( DO NOT CHANGE HERE )
B8: Mass | C8: 0.165 | D8: m
A9: UpperWishbone | B9: Inboard Front | C9: {="["&_xlfn.TEXTJOIN(" ",TRUE,'HardpointsFr'!B5/1000,'HardpointsFr'!C5/1000,'HardpointsFr'!D5/1000)&"]"} -> [-0,132944 0,237912 0,326532] | D9: m | E9: Hardpoint X, Y, Z coordinates ( DO NOT CHANGE HERE )
B10: Inboard Rear | C10: {="["&_xlfn.TEXTJOIN(" ",TRUE,'HardpointsFr'!B6/1000,'HardpointsFr'!C6/1000,'HardpointsFr'!D6/1000)&"]"} -> [0,167448 0,254640 0,307812] | D10: m | E10: Hardpoint X, Y, Z coordinates ( DO NOT CHANGE HERE )
B11: Outboard | C11: {="["&_xlfn.TEXTJOIN(" ",TRUE,'HardpointsFr'!B7/1000,'HardpointsFr'!C7/1000,'HardpointsFr'!D7/1000)&"]"} -> [0,012000 0,521000 0,370000] | D11: m | E11: Hardpoint X, Y, Z coordinates ( DO NOT CHANGE HERE )
B12: Mass | C12: 0.12 | D12: Kg | E12: Chassis + Bodywork + Electrical + Motors + Gearbox
A13: Upright | B13: CoG | C13: {="["&_xlfn.TEXTJOIN(" ",TRUE,'HardpointsFr'!B8/1000,'HardpointsFr'!C8/1000,'HardpointsFr'!D8/1000)&"]"} -> [0,000000 0,640000 0,250827] | D13: m | E13: Hardpoint X, Y, Z coordinates ( DO NOT CHANGE HERE )
B14: Wheel Centre | C14: {="["&_xlfn.TEXTJOIN(" ",TRUE,'HardpointsFr'!B9/1000,'HardpointsFr'!C9/1000,'HardpointsFr'!D9/1000)&"]"} -> [0,000000 0,640000 0,250827] | D14: m | E14: Hardpoint X, Y, Z coordinates ( DO NOT CHANGE HERE )
B15: Mass | C15: 1 | D15: Kg
B16: Toe | C16: 0 | D16: deg
B17: Camber | C17: -1 | D17: deg
B18: Axle Length | D18: m
B19: Wheel Centre to Bearing | D19: m
B20: Axle Mass | D20: Kg
A21: Trackrod | B21: Inboard | C21: {="["&_xlfn.TEXTJOIN(" ",TRUE,'HardpointsFr'!B10/1000,'HardpointsFr'!C10/1000,'HardpointsFr'!D10/1000)&"]"} -> [-0,104241 0,250000 0,171053] | D21: m | E21: Hardpoint X, Y, Z coordinates ( DO NOT CHANGE HERE )
B22: Outboard | C22: {="["&_xlfn.TEXTJOIN(" ",TRUE,'HardpointsFr'!B11/1000,'HardpointsFr'!C11/1000,'HardpointsFr'!D11/1000)&"]"} -> [-0,086252 0,575546 0,195000] | D22: m | E22: Hardpoint X, Y, Z coordinates ( DO NOT CHANGE HERE )
B23: Mass | D23: Kg
A24: Shock | B24: Top | C24: {="["&_xlfn.TEXTJOIN(" ",TRUE,'HardpointsFr'!B12/1000,'HardpointsFr'!C12/1000,'HardpointsFr'!D12/1000)&"]"} -> [-0,011157 0,233131 0,517551] | D24: m | E24: Hardpoint X, Y, Z coordinates ( DO NOT CHANGE HERE )
B25: Bottom | C25: {="["&_xlfn.TEXTJOIN(" ",TRUE,'HardpointsFr'!B13/1000,'HardpointsFr'!C13/1000,'HardpointsFr'!D13/1000)&"]"} -> [-0,011485 0,317842 0,362430] | D25: m | E25: Hardpoint X, Y, Z coordinates ( DO NOT CHANGE HERE )
B26: Mass | C26: 2 | D26: Kg
A27: Endstop | B27: Max | C27: 0.028 | D27: m
B28: Min | C28: -0.028 | D28: m
A29: Pushrod | B29: Inboard | C29: {="["&_xlfn.TEXTJOIN(" ",TRUE,'HardpointsFr'!B15/1000,'HardpointsFr'!C15/1000,'HardpointsFr'!D15/1000)&"]"} -> [-0,011489 0,351537 0,360943] | D29: m | E29: Hardpoint X, Y, Z coordinates ( DO NOT CHANGE HERE )
B30: Outboard | C30: {="["&_xlfn.TEXTJOIN(" ",TRUE,'HardpointsFr'!B14/1000,'HardpointsFr'!C14/1000,'HardpointsFr'!D14/1000)&"]"} -> [-0,011917 0,547360 0,169145] | D30: m | E30: Hardpoint X, Y, Z coordinates ( DO NOT CHANGE HERE )
B31: Mass | C31: 0.1 | D31: Kg
A32: Bellcrank | B32: Pivot | C32: {="["&_xlfn.TEXTJOIN(" ",TRUE,'HardpointsFr'!B16/1000,'HardpointsFr'!C16/1000,'HardpointsFr'!D16/1000)&"]"} -> [-0,011558 0,244431 0,328198] | D32: m | E32: Hardpoint X, Y, Z coordinates ( DO NOT CHANGE HERE )
B33: BC to Antiroll | C33: {="["&_xlfn.TEXTJOIN(" ",TRUE,'HardpointsFr'!B19/1000,'HardpointsFr'!C19/1000,'HardpointsFr'!D19/1000)&"]"} -> [-0,011531 0,286508 0,331062] | D33: m | E33: Hardpoint X, Y, Z coordinates ( DO NOT CHANGE HERE )
B34: Mass | C34: 0.4 | D34: Kg

Sheet ARB Front
A2: Category | B2: Element | C2: Value | D2: Unit | E2: Comment
A3: Type | C3: AntiRollBar
A4: Instance | C4: Droplink_FSAE_Achilles_f
A5: class | C5: DroplinkRod
A6: Antiroll Bar | B6: BC to ARB | C6: {="["&_xlfn.TEXTJOIN(" ",TRUE,'HardpointsFr'!B19/1000,'HardpointsFr'!C19/1000,'HardpointsFr'!D19/1000)&"]"} -> [-0,011531 0,286508 0,331062] | D6: m | E6: Hardpoint X, Y, Z coordinates ( DO NOT CHANGE HERE )
B7: Inboard | C7: {="["&_xlfn.TEXTJOIN(" ",TRUE,'HardpointsFr'!B17/1000,'HardpointsFr'!C17/1000,'HardpointsFr'!D17/1000)&"]"} -> [0,067965 0,262855 0,101350] | D7: m | E7: Hardpoint X, Y, Z coordinates ( DO NOT CHANGE HERE )
B8: Outboard | C8: {="["&_xlfn.TEXTJOIN(" ",TRUE,'HardpointsFr'!B18/1000,'HardpointsFr'!C18/1000,'HardpointsFr'!D18/1000)&"]"} -> [-0,012038 0,262849 0,101519] | D8: m | E8: Hardpoint X, Y, Z coordinates ( DO NOT CHANGE HERE )
B9: Stiffness | C9: 81.933 | D9: N/rad
B10: Mass | C10: 0.7 | D10: Kg

Sheet Steer
A1: Category | B1: Element | C1: Value | D1: Unit | E1: Comment
A2: Type | C2: Steer
A3: Instance | C3: WheelDrivenRack1UJoint_Ch2_Achilles
A4: class | C4: WheelDrivenRack1UJoint
A5: Steering | B5: Rack Mount | D5: m | E5: Hardpoint X, Y, Z coordinates ( DO NOT CHANGE HERE )
B6: Rack Mass | D6: Kg
B7: Steering Wheel Mount | D7: m | E7: Hardpoint X, Y, Z coordinates ( DO NOT CHANGE HERE )
B8: Steering Wheel Mass | D8: Kg
B9: Steering Shaft Mass | D9: Kg
B10: Steering Wheel Max Angle | D10: rad
B11: Rack Max Displacement | D11: m

Sheet Susp Rear
A1: Category | B1: Element | C1: Value | D1: Unit | E1: Comment
A2: Type | C2: Linkage
A3: Instance | C3: DoubleWishbonePushrod_FSAE_Achilles_f
A4: class | C4: DoubleWishbone Pushrod
A5: LowerWishbone | B5: Inboard Front | C5: {="["&_xlfn.TEXTJOIN(" ",TRUE,'HardpointsRr'!B2/1000,'HardpointsRr'!C2/1000,'HardpointsRr'!D2/1000)&"]"} -> [-0,166149 0,334489 0,126216] | D5: m | E5: X, Y, Z coordinates ( DO NOT CHANGE )
B6: Inboard Rear | C6: {="["&_xlfn.TEXTJOIN(" ",TRUE,'HardpointsRr'!B3/1000,'HardpointsRr'!C3/1000,'HardpointsRr'!D3/1000)&"]"} -> [0,224859 0,309894 0,126188] | D6: m | E6: X, Y, Z coordinates
B7: Outboard | C7: {="["&_xlfn.TEXTJOIN(" ",TRUE,'HardpointsRr'!B4/1000,'HardpointsRr'!C4/1000,'HardpointsRr'!D4/1000)&"]"} -> [0,004278 0,574000 0,132500] | D7: m
B8: Mass | C8: 0.165 | D8: m
A9: UpperWishbone | B9: Inboard Front | C9: {="["&_xlfn.TEXTJOIN(" ",TRUE,'HardpointsRr'!B5/1000,'HardpointsRr'!C5/1000,'HardpointsRr'!D5/1000)&"]"} -> [-0,162142 0,330769 0,335182] | D9: m
B10: Inboard Rear | C10: {="["&_xlfn.TEXTJOIN(" ",TRUE,'HardpointsRr'!B6/1000,'HardpointsRr'!C6/1000,'HardpointsRr'!D6/1000)&"]"} -> [0,229308 0,293653 0,356806] | D10: m
B11: Outboard | C11: {="["&_xlfn.TEXTJOIN(" ",TRUE,'HardpointsRr'!B7/1000,'HardpointsRr'!C7/1000,'HardpointsRr'!D7/1000)&"]"} -> [-0,004295 0,508715 0,378000] | D11: m
B12: Mass | C12: 0.12 | D12: Kg | E12: Chassis + Bodywork + Electrical + Motors + Gearbox
A13: Upright | B13: CoG | C13: {="["&_xlfn.TEXTJOIN(" ",TRUE,'HardpointsRr'!B8/1000,'HardpointsRr'!C8/1000,'HardpointsRr'!D8/1000)&"]"} -> [0,000000 0,625000 0,250827] | D13: m
B14: Wheel Centre | C14: {="["&_xlfn.TEXTJOIN(" ",TRUE,'HardpointsRr'!B9/1000,'HardpointsRr'!C9/1000,'HardpointsRr'!D9/1000)&"]"} -> [0,000000 0,625000 0,250827] | D14: m
B15: Mass | C15: 1 | D15: Kg
B16: Toe | C16: 0 | D16: deg
B17: Camber | C17: -1 | D17: deg
B18: Axle Length | D18: m
B19: Wheel Centre to Bearing | D19: m
B20: Axle Mass | D20: Kg
A21: Tierod | B21: Inboard | C21: {="["&_xlfn.TEXTJOIN(" ",TRUE,'HardpointsRr'!B10/1000,'HardpointsRr'!C10/1000,'HardpointsRr'!D10/1000)&"]"} -> [0,257113 0,301223 0,194314] | D21: m
B22: Outboard | C22: {="["&_xlfn.TEXTJOIN(" ",TRUE,'HardpointsRr'!B11/1000,'HardpointsRr'!C11/1000,'HardpointsRr'!D11/1000)&"]"} -> [0,101222 0,578000 0,220000] | D22: m
B23: Mass | D23: Kg
A24: Shock | B24: Top | C24: {="["&_xlfn.TEXTJOIN(" ",TRUE,'HardpointsRr'!B12/1000,'HardpointsRr'!C12/1000,'HardpointsRr'!D12/1000)&"]"} -> [-0,180976 0,283390 0,436103] | D24: m
B25: Bottom | C25: {="["&_xlfn.TEXTJOIN(" ",TRUE,'HardpointsRr'!B13/1000,'HardpointsRr'!C13/1000,'HardpointsRr'!D13/1000)&"]"} -> [0,004111 0,267073 0,484010] | D25: m
B26: Mass | C26: 2 | D26: Kg
A27: Endstop | B27: Max | C27: 0.028 | D27: m
B28: Min | C28: -0.028 | D28: m
A29: Pushrod | B29: Inboard | C29: {="["&_xlfn.TEXTJOIN(" ",TRUE,'HardpointsRr'!B19/1000,'HardpointsRr'!C19/1000,'HardpointsRr'!D19/1000)&"]"} -> [0,089612 0,349047 0,403924] | D29: m
B30: Outboard | C30: {="["&_xlfn.TEXTJOIN(" ",TRUE,'HardpointsRr'!B18/1000,'HardpointsRr'!C18/1000,'HardpointsRr'!D18/1000)&"]"} -> [0,022298 0,527859 0,152504] | D30: m
B31: Mass | C31: 0.1 | D31: Kg
A32: Bellcrank | B32: Pivot | C32: {="["&_xlfn.TEXTJOIN(" ",TRUE,'HardpointsRr'!B17/1000,'HardpointsRr'!C17/1000,'HardpointsRr'!D17/1000)&"]"} -> [0,010771 0,318427 0,426360] | D32: m
B33: BC to Antiroll | C33: {="["&_xlfn.TEXTJOIN(" ",TRUE,'HardpointsRr'!B16/1000,'HardpointsRr'!C16/1000,'HardpointsRr'!D16/1000)&"]"} -> [0,050000 0,287567 0,463988] | D33: m
B34: Mass | C34: 0.4 | D34: Kg

Sheet ARB Rear
A1: Category | B1: Element | C1: Value | D1: Unit | E1: Comment
A2: Type | C2: AntiRollBar
A3: Instance | C3: Droplink_FSAE_Achilles_f
A4: class | C4: DroplinkRod
A5: Antiroll Bar | B5: BC to ARB | C5: {="["&_xlfn.TEXTJOIN(" ",TRUE,'HardpointsRr'!B16/1000,'HardpointsRr'!C16/1000,'HardpointsRr'!D16/1000)&"]"} -> [0,050000 0,287567 0,463988] | D5: M
B6: Inboard | C6: {="["&_xlfn.TEXTJOIN(" ",TRUE,'HardpointsRr'!B14/1000,'HardpointsRr'!C14/1000,'HardpointsRr'!D14/1000)&"]"} -> [0,255000 0,305000 0,401350] | D6: m
B7: Outboard | C7: {="["&_xlfn.TEXTJOIN(" ",TRUE,'HardpointsRr'!B15/1000,'HardpointsRr'!C15/1000,'HardpointsRr'!D15/1000)&"]"} -> [0,255000 0,305000 0,480697] | D7: m
B8: Stiffness | C8: 61.8794 | D8: N/rad
B9: Mass | C9: 0.7 | D9: Kg

Sheet Aero
A1: Category | C1: Value | D1: Unit | E1: Comment
A2: Type | C2: Aero
A3: Instance | C3: FSAE_Achilles
A4: class | C4: sedan
A5: Aero | B5: Lift
B6: Drag
B7: Rho Air | D7: Kg/m^3
B8: ARef | D8: m^2
B9: Pressure Centre | C9: [-1,570 0 0,3] | D9: Kg

Sheet Spring
A1: Category | C1: Value | D1: Unit | E1: Comment
A2: Type | C2: Spring
A3: Instance | C3: Independent
A4: class | C4: Independent
A5: Axle1 | B5: K | C5: 52538.05 | D5: N/m
B6: Preload | C6: 0.01 | D6: m
A7: Axle2 | B7: K | C7: 43781.709 | D7: N/m
B8: Preload | C8: 0.01 | D8: M

Sheet Damper
A1: Category | C1: Value | D1: Unit | E1: Comment
A2: Type | C2: Spring
A3: Instance | C3: Independent
A4: class | C4: Independent
A5: Axle1 | B5: Damping | C5: 250000 | D5: N/m
B6: Endstop KxMax | D6: m
B7: Endstop KxMin
B8: Endstop dxMin
B9: Endstop dxMax
B10: Transition
A11: Axle2 | B11: Damping | C11: 250000
B12: Endstop KxMax
B13: Endstop KxMin
B14: Endstop dxMin
B15: Endstop dxMax
B16: Transition

Sheet HardpointsFr
A1: Name | B1: X | C1: Y | D1: Z
A2: lcaF | B2: -184.907 | C2: 234.925 | D2: 126.241
A3: lcaR | B3: 182.434 | C3: 255.272 | D3: 126.239
A4: lcaO | B4: -12 | C4: 588.501 | D4: 141
A5: ucaF | B5: -132.944 | C5: 237.912 | D5: 326.532
A6: ucaR | B6: 167.448 | C6: 254.64 | D6: 307.812
A7: ucaO | B7: 12 | C7: 521 | D7: 370
A8: uprightCG | B8: 0 | C8: 640 | D8: 250.827
A9: wheelCenter | B9: 0 | C9: 640 | D9: 250.827
A10: trackrodI | B10: -104.241 | C10: 250 | D10: 171.053
A11: trackrodO | B11: -86.252 | C11: 575.546 | D11: 195
A12: shockT | B12: -11.157 | C12: 233.131 | D12: 517.551
A13: shockB | B13: -11.485 | C13: 317.842 | D13: 362.43
... A23: upperCol | B23: 20 | C23: 0 | D23: 534.181

Sheet HardpointsRr
A1: Name | B1: X | C1: Y | D1: Z
A2: lcaF | B2: {=1408.851-1575} -> -166.149 | C2: 334.489 | D2: 126.216
A3: lcaR | B3: {=1799.859-1575} -> 224.859 | C3: 309.894 | D3: 126.188
A4: lcaO | B4: {=1579.278-1575} -> 4.278 | C4: 574 | D4: 132.5
A5: ucaF | B5: {=1412.858-1575} -> -162.142 | C5: 330.769 | D5: 335.182
A6: ucaR | B6: {=1804.308-1575} -> 229.308 | C6: 293.653 | D6: 356.806
A7: ucaO | B7: {=1570.705-1575} -> -4.295 | C7: 508.715 | D7: 378
A8: uprightCG | B8: {=1575-1575} -> 0 | C8: 625 | D8: 250.827
A9: wheelCenter | B9: {=-1575+1575} -> 0 | C9: 625 | D9: 250.827
A10: trackrodI | B10: {=-1575+1832.113} -> 257.113 | C10: 301.223 | D10: 194.314
A11: trackrodO | B11: {=-1575+1676.222} -> 101.222 | C11: 578 | D11: 220
A12: shockT | B12: -180.976 | C12: 283.39 | D12: 436.103
A13: shockB | B13: {=-1575+1579.111} -> 4.111 | C13: 267.073 | D13: 484.01
A14: arbI | B14: {=-1575+1830} -> 255 | C14: 305 | D14: 401.35
A15: arbO | B15: {=-1575+1830} -> 255 | C15: 305 | D15: 480.697
A16: arbSus | B16: {=-1575+1625} -> 50 | C16: 287.567 | D16: 463.988
A17: BCpivot | B17: 10.771 | C17: 318.427 | D17: 426.36
A18: PushrodOut | B18: 22.298 | C18: 527.859 | D18: 152.504
A19: BCrod | B19: 89.612 | C19: 349.047 | D19: 403.924
