Workbook

Sheet Body
A1: Category | C1: Value | D1: Unit | E1: Comment
A2: Type | C2: Body
A3: Instance | C3: FSAE_Achilles
A4: class | C4: Body_Axle2
A5: sAxle1 | C5: [0 0 0] | D5: m | E5: X, Y, Z coordinates ( DO NOT CHANGE )
A6: sAxle2 | C6: [-1,575 0 0] | D6: m | E6: X, Y, Z coordinates
A7: sCG | C7: [-0,8741 0 0,35] | D7: m
A8: sPower | C8: [-1 0 0] | D8: m | E8: model value only
A9: sHitchF | C9: [0.25 0 0.403] | D9: m | E9: model value only
A10: sHitchR | C10: [-1.75 0 0.403] | D10: m | E10: model value only
A11: Width | C11: {=(HardpointsRr!C9*2+HardpointsFr!C9*2)/2} -> 1263.532 | D11: m | E11: taken as front + rear track / 2
A12: TrackFront | C12: {=HardpointsFr!C9*2} -> 1280 | D12: m
A13: TrackRear | C13: {=HardpointsRr!C9*2} -> 1247.064 | D13: m
A14: m | C14: 259.07 | D14: Kg | E14: Chassis + Bodywork + Electrical + Motors + Gearbox
A15: J | C15: [43 192 206] | D15: kg*m^2 | E15: Moments of Inertia [Ixx Iyy Izz]

Sheet Sheet1

Sheet SuspA1
A1: Category | B1: Element | C1: Value | D1: Unit | E1: Comment
A2: Type
A3: Instance
A4: class | C4: Linkage
A5: Linkage | C5: LinkageFront | D5: SHEET
A6: AntiRollBar | C6: ARBFront | D6: SHEET
A7: Steer | C7: Steer | D7: SHEET

Sheet LinkageFront
A1: Category | B1: Element | C1: Value | D1: Unit | E1: Comment
A2: Type | C2: Linkage
A3: Instance | C3: DoubleWishbonePushrod_FSAE_Achilles_f
A4: class | C4: DoubleWishbone Pushrod
A5: LowerWishbone | B5: sInboardF | C5: ="[" & _xlfn.TEXTJOIN(" ", TRUE, HardpointsFr!B2 / 1000, HardpointsFr!C2 / 1000, HardpointsFr!D2 / 1000) & "]" -> [0.2 0.203347 0.12635] | D5: m | E5: Hardpoint X, Y, Z coordinates ( DO NOT CHANGE HERE )
B6: sInboardR | C6: {="["&_xlfn.TEXTJOIN(" ",TRUE,HardpointsFr!B3/1000,HardpointsFr!C3/1000,HardpointsFr!D3/1000)&"]"} -> [-0.2 0.225 0.12635] | D6: m | E6: Hardpoint X, Y, Z coordinates ( DO NOT CHANGE HERE )
B7: sOutboard | C7: {="["&_xlfn.TEXTJOIN(" ",TRUE,HardpointsFr!B4/1000,HardpointsFr!C4/1000,HardpointsFr!D4/1000)&"]"} -> [0.011946 0.587821 0.153] | D7: m | E7: Hardpoint X, Y, Z coordinates ( DO NOT CHANGE HERE )
B8: m | C8: 0.165 | D8: m
A9: UpperWishbone | B9: sInboardF | C9: {="["&_xlfn.TEXTJOIN(" ",TRUE,HardpointsFr!B5/1000,HardpointsFr!C5/1000,HardpointsFr!D5/1000)&"]"} -> [0.148751 0.207047 0.321794] | D9: m | E9: Hardpoint X, Y, Z coordinates ( DO NOT CHANGE HERE )
B10: sInboardR | C10: {="["&_xlfn.TEXTJOIN(" ",TRUE,HardpointsFr!B6/1000,HardpointsFr!C6/1000,HardpointsFr!D6/1000)&"]"} -> [-0.184729 0.225 0.300894] | D10: m | E10: Hardpoint X, Y, Z coordinates ( DO NOT CHANGE HERE )
B11: sOutboard | C11: {="["&_xlfn.TEXTJOIN(" ",TRUE,HardpointsFr!B7/1000,HardpointsFr!C7/1000,HardpointsFr!D7/1000)&"]"} -> [-0.012932 0.51868 0.381393] | D11: m | E11: Hardpoint X, Y, Z coordinates ( DO NOT CHANGE HERE )
B12: m | C12: 0.12 | D12: Kg | E12: Chassis + Bodywork + Electrical + Motors + Gearbox
A13: Upright | B13: sCG | C13: {="["&_xlfn.TEXTJOIN(" ",TRUE,HardpointsFr!B8/1000,HardpointsFr!C8/1000,HardpointsFr!D8/1000)&"]"} -> [0.016194 0.582059 0.270346] | D13: m | E13: Hardpoint X, Y, Z coordinates ( DO NOT CHANGE HERE )
B14: sWheelCenter | C14: {="["&_xlfn.TEXTJOIN(" ",TRUE,HardpointsFr!B9/1000,HardpointsFr!C9/1000,HardpointsFr!D9/1000)&"]"} -> [0 0.64 0.267361] | D14: m | E14: Hardpoint X, Y, Z coordinates ( DO NOT CHANGE HERE )
B15: m | C15: 1 | D15: Kg
B16: aToe | C16: 0 | D16: deg
B17: aCamber | C17: -1 | D17: deg
B18: xAxle | C18: 0.11 | D18: m
B19: xWCtoBearing | C19: 0.03 | D19: m
B20: mAxle | C20: 1.5 | D20: Kg
A21: TrackRod | B21: sInboard | C21: {="["&_xlfn.TEXTJOIN(" ",TRUE,HardpointsFr!B10/1000,HardpointsFr!C10/1000,HardpointsFr!D10/1000)&"]"} -> [0.104241 0.25 0.171053] | D21: m | E21: Hardpoint X, Y, Z coordinates ( DO NOT CHANGE HERE )
B22: sOutboard | C22: {="["&_xlfn.TEXTJOIN(" ",TRUE,HardpointsFr!B11/1000,HardpointsFr!C11/1000,HardpointsFr!D11/1000)&"]"} -> [0.085098 0.575407 0.195444] | D22: m | E22: Hardpoint X, Y, Z coordinates ( DO NOT CHANGE HERE )
B23: m | C23: 0.2 | D23: Kg
A24: Shock | B24: sTop | C24: {="["&_xlfn.TEXTJOIN(" ",TRUE,HardpointsFr!B12/1000,HardpointsFr!C12/1000,HardpointsFr!D12/1000)&"]"} -> [0.011157 0.233131 0.517551] | D24: m | E24: Hardpoint X, Y, Z coordinates ( DO NOT CHANGE HERE )
B25: sBottom | C25: {="["&_xlfn.TEXTJOIN(" ",TRUE,HardpointsFr!B13/1000,HardpointsFr!C13/1000,HardpointsFr!D13/1000)&"]"} -> [0.012327 0.316687 0.35918] | D25: m | E25: Hardpoint X, Y, Z coordinates ( DO NOT CHANGE HERE )
B26: mCylinder | C26: 1.2 | D26: Kg
B27: mPiston | C27: 0.8 | D27: Kg
A28: Endstop | B28: xMax | C28: 0.028 | D28: m
B29: xMin | C29: -0.028 | D29: m
A30: Pushrod | B30: sInboard | C30: {="["&_xlfn.TEXTJOIN(" ",TRUE,HardpointsFr!B15/1000,HardpointsFr!C15/1000,HardpointsFr!D15/1000)&"]"} -> [0.012324 0.350386 0.36057] | D30: m | E30: Hardpoint X, Y, Z coordinates ( DO NOT CHANGE HERE )
B31: sOutboard | C31: {="["&_xlfn.TEXTJOIN(" ",TRUE,HardpointsFr!B14/1000,HardpointsFr!C14/1000,HardpointsFr!D14/1000)&"]"} -> [0.011979 0.550931 0.173993] | D31: m | E31: Hardpoint X, Y, Z coordinates ( DO NOT CHANGE HERE )
B32: m | C32: 0.1 | D32: Kg
A33: Bellcrank | B33: sPivot | C33: {="["&_xlfn.TEXTJOIN(" ",TRUE,HardpointsFr!B16/1000,HardpointsFr!C16/1000,HardpointsFr!D16/1000)&"]"} -> [0.011558 0.244431 0.328198] | D33: m | E33: Hardpoint X, Y, Z coordinates ( DO NOT CHANGE HERE )
B34: sAntiRollBar | C34: {="["&_xlfn.TEXTJOIN(" ",TRUE,HardpointsFr!B19/1000,HardpointsFr!C19/1000,HardpointsFr!D19/1000)&"]"} -> [0.011527 0.292246 0.342816] | D34: m | E34: Hardpoint X, Y, Z coordinates ( DO NOT CHANGE HERE )
B35: m | C35: 0.4 | D35: Kg

Sheet ARBFront
A2: Category | B2: Element | C2: Value | D2: Unit | E2: Comment
A3: Type | C3: AntiRollBar
A4: Instance | C4: Droplink_FSAE_Achilles_f
A5: class | C5: DroplinkRod
A6: sSuspension | C6: ="["&_xlfn.TEXTJOIN(" ",TRUE,HardpointsFr!B19/1000,HardpointsFr!C19/1000,HardpointsFr!D19/1000)&"]" -> [0.011527 0.292246 0.342816] | D6: m | E6: Hardpoint X, Y, Z coordinates ( DO NOT CHANGE HERE )
A7: sInboard | C7: ="["&_xlfn.TEXTJOIN(" ",TRUE,HardpointsFr!B17/1000,HardpointsFr!C17/1000,HardpointsFr!D17/1000)&"]" -> [0.067965 0.262855 0.10135] | D7: m | E7: Hardpoint X, Y, Z coordinates ( DO NOT CHANGE HERE )
A8: sOutboard | C8: {="["&_xlfn.TEXTJOIN(" ",TRUE,HardpointsFr!B18/1000,HardpointsFr!C18/1000,HardpointsFr!D18/1000)&"]"} -> [0.004 0.262849 0.101519] | D8: m | E8: Hardpoint X, Y, Z coordinates ( DO NOT CHANGE HERE )
A9: k | C9: 81.933 | D9: N/rad
A10: m | C10: 0.7 | D10: Kg

Sheet Steer
A1: Category | B1: Element | C1: Value | D1: Unit | E1: Comment
A2: Type | C2: Steer
A3: Instance | C3: WheelDrivenRack1UJoint_Ch2_Achilles
A4: class | C4: WheelDrivenRack1UJoint
A5: Rack | B5: sMount | C5: ="["&_xlfn.TEXTJOIN(" ",TRUE,HardpointsFr!B13/1000,HardpointsFr!C13/1000,HardpointsFr!D13/1000)&"]" -> [0.012327 0.316687 0.35918] | D5: m | E5: Hardpoint X, Y, Z coordinates ( DO NOT CHANGE HERE )
B6: m | C6: 0.87 | D6: Kg
B7: fActuatorCutoff | C7: 50 | D7: Hz
A8: Wheel | B8: m | C8: 0.5 | D8: Kg
B9: sMount | C9: ="["&_xlfn.TEXTJOIN(" ",TRUE,HardpointsFr!B18/1000,HardpointsFr!C18/1000,HardpointsFr!D18/1000)&"]" -> [0.004 0.262849 0.101519] | D9: m | E9: Hardpoint X, Y, Z coordinates ( DO NOT CHANGE HERE )

Sheet SuspA2
A1: Category | B1: Element | C1: Value | D1: Unit | E1: Comment
A2: Type | C2: Linkage
A3: Instance | C3: DoubleWishbonePushrod_FSAE_Achilles_f
A4: class | C4: Linkage
A5: Linkage | C5: LinkageRear | D5: SHEET
A6: AntiRollBar | C6: ARBRear | D6: SHEET

Sheet LinkageRear
A1: Category | B1: Element | C1: Value | D1: Unit | E1: Comment
A2: Type | C2: Linkage
A3: Instance | C3: DoubleWishbonePushrod_FSAE_Achilles_f
A4: class | C4: DoubleWishbone Pushrod NoSteer
A5: LowerWishbone | B5: sInboardF | C5: {="["&_xlfn.TEXTJOIN(" ",TRUE,HardpointsRr!B2/1000,HardpointsRr!C2/1000,HardpointsRr!D2/1000)&"]"} -> #VALUE! | D5: m | E5: Hardpoint X, Y, Z coordinates ( DO NOT CHANGE HERE )
B6: sInboardR | C6: {="["&_xlfn.TEXTJOIN(" ",TRUE,HardpointsRr!B3/1000,HardpointsRr!C3/1000,HardpointsRr!D3/1000)&"]"} -> [0 0.27 0.12635] | D6: m | E6: Hardpoint X, Y, Z coordinates ( DO NOT CHANGE HERE )
B7: sOutboard | C7: {="["&_xlfn.TEXTJOIN(" ",TRUE,HardpointsRr!B4/1000,HardpointsRr!C4/1000,HardpointsRr!D4/1000)&"]"} -> [0 0.573947 0.1445] | D7: m | E7: Hardpoint X, Y, Z coordinates ( DO NOT CHANGE HERE )
B8: m | C8: 0.165 | D8: m
A9: UpperWishbone | B9: sInboardF | C9: {="["&_xlfn.TEXTJOIN(" ",TRUE,HardpointsRr!B5/1000,HardpointsRr!C5/1000,HardpointsRr!D5/1000)&"]"} -> [0 0.305 0.328981] | D9: m | E9: Hardpoint X, Y, Z coordinates ( DO NOT CHANGE HERE )
B10: sInboardR | C10: {="["&_xlfn.TEXTJOIN(" ",TRUE,HardpointsRr!B6/1000,HardpointsRr!C6/1000,HardpointsRr!D6/1000)&"]"} -> [0 0.27 0.354475] | D10: m | E10: Hardpoint X, Y, Z coordinates ( DO NOT CHANGE HERE )
B11: sOutboard | C11: {="["&_xlfn.TEXTJOIN(" ",TRUE,HardpointsRr!B7/1000,HardpointsRr!C7/1000,HardpointsRr!D7/1000)&"]"} -> [0 0.50633 0.389471] | D11: m | E11: Hardpoint X, Y, Z coordinates ( DO NOT CHANGE HERE )
B12: m | C12: 0.12 | D12: Kg | E12: Hardpoint X, Y, Z coordinates ( DO NOT CHANGE HERE )
A13: Upright | B13: sCG | C13: {="["&_xlfn.TEXTJOIN(" ",TRUE,HardpointsRr!B8/1000,HardpointsRr!C8/1000,HardpointsRr!D8/1000)&"]"} -> [0 0.566642 0.276144] | D13: m | E13: Hardpoint X, Y, Z coordinates ( DO NOT CHANGE HERE )
B14: sWheelCenter | C14: {="["&_xlfn.TEXTJOIN(" ",TRUE,HardpointsRr!B9/1000,HardpointsRr!C9/1000,HardpointsRr!D9/1000)&"]"} -> [0 0.623532 0.267361] | D14: m | E14: Hardpoint X, Y, Z coordinates ( DO NOT CHANGE HERE )
B15: m | C15: 1 | D15: Kg
B16: aToe | C16: 0 | D16: deg
B17: aCamber | C17: -1 | D17: deg
B18: xAxle | C18: 0.11 | D18: m
B19: xWCtoBearing | C19: 0.03 | D19: m
B20: mAxle | C20: 1.5 | D20: Kg
A21: TrackRod | B21: sInboard | C21: {="["&_xlfn.TEXTJOIN(" ",TRUE,HardpointsRr!B10/1000,HardpointsRr!C10/1000,HardpointsRr!D10/1000)&"]"} -> [0 0.27 0.193642] | D21: m | E21: Hardpoint X, Y, Z coordinates ( DO NOT CHANGE HERE )
B22: sOutboard | C22: {="["&_xlfn.TEXTJOIN(" ",TRUE,HardpointsRr!B11/1000,HardpointsRr!C11/1000,HardpointsRr!D11/1000)&"]"} -> [0 0.576735 0.232331] | D22: m | E22: Hardpoint X, Y, Z coordinates ( DO NOT CHANGE HERE )
B23: m | C23: 0.2 | D23: Kg
A24: Shock | B24: sTop | C24: {="["&_xlfn.TEXTJOIN(" ",TRUE,HardpointsRr!B12/1000,HardpointsRr!C12/1000,HardpointsRr!D12/1000)&"]"} -> [0 0.283399 0.436103] | D24: m | E24: Hardpoint X, Y, Z coordinates ( DO NOT CHANGE HERE )
B25: sBottom | C25: {="["&_xlfn.TEXTJOIN(" ",TRUE,HardpointsRr!B13/1000,HardpointsRr!C13/1000,HardpointsRr!D13/1000)&"]"} -> [0 0.267161 0.482701] | D25: m | E25: Hardpoint X, Y, Z coordinates ( DO NOT CHANGE HERE )
B26: mPiston | C26: 0.8
B27: mCylinder | C27: 1.2 | D27: Kg
A28: Endstop | B28: xMax | C28: 0.028 | D28: m
B29: xMin | C29: -0.028 | D29: m
A30: Pushrod | B30: sInboard | C30: {="["&_xlfn.TEXTJOIN(" ",TRUE,HardpointsRr!B19/1000,HardpointsRr!C19/1000,HardpointsRr!D19/1000)&"]"} -> [0 0.287566 0.463988] | D30: m | E30: Hardpoint X, Y, Z coordinates ( DO NOT CHANGE HERE )
B31: sOutboard | C31: {="["&_xlfn.TEXTJOIN(" ",TRUE,HardpointsRr!B18/1000,HardpointsRr!C18/1000,HardpointsRr!D18/1000)&"]"} -> [0 0.305 0.46535] | D31: m | E31: Hardpoint X, Y, Z coordinates ( DO NOT CHANGE HERE )
B32: m | C32: 0.1 | D32: Kg
A33: Bellcrank | B33: sPivot | C33: {="["&_xlfn.TEXTJOIN(" ",TRUE,HardpointsRr!B17/1000,HardpointsRr!C17/1000,HardpointsRr!D17/1000)&"]"} -> [0 0.305 0.40135] | D33: m | E33: Hardpoint X, Y, Z coordinates ( DO NOT CHANGE HERE )
B34: sAntiRollBar | C34: {="["&_xlfn.TEXTJOIN(" ",TRUE,HardpointsRr!B16/1000,HardpointsRr!C16/1000,HardpointsRr!D16/1000)&"]"} -> [0 0.318427 0.42635] | D34: m | E34: Hardpoint X, Y, Z coordinates ( DO NOT CHANGE HERE )
B35: m | C35: 0.4 | D35: Kg

Sheet ARBRear
A1: Category | B1: Element | C1: Value | D1: Unit | E1: Comment
A2: Type | C2: AntiRollBar
A3: Instance | C3: Droplink_FSAE_Achilles_f
A4: class | C4: DroplinkRod
A5: sSuspension | C5: {="["&_xlfn.TEXTJOIN(" ",TRUE,HardpointsRr!B16/1000,HardpointsRr!C16/1000,HardpointsRr!D16/1000)&"]"} -> [0 0.318427 0.42635] | D5: M | E5: Hardpoint X, Y, Z coordinates ( DO NOT CHANGE HERE )
A6: sInboard | C6: {="["&_xlfn.TEXTJOIN(" ",TRUE,HardpointsRr!B14/1000,HardpointsRr!C14/1000,HardpointsRr!D14/1000)&"]"} -> [0 0.526395 0.162287] | D6: m | E6: Hardpoint X, Y, Z coordinates ( DO NOT CHANGE HERE )
A7: sOutboard | C7: {="["&_xlfn.TEXTJOIN(" ",TRUE,HardpointsRr!B15/1000,HardpointsRr!C15/1000,HardpointsRr!D15/1000)&"]"} -> [0 0.344016 0.410197] | D7: m | E7: Hardpoint X, Y, Z coordinates ( DO NOT CHANGE HERE )
A8: k | C8: 61.8794 | D8: N/rad
A9: m | C9: 0.7 | D9: Kg

Sheet Aero
A1: Category | C1: Value | D1: Unit | E1: Comment
A2: Type | C2: Aero
A3: Instance | C3: FSAE_Achilles
A4: class | C4: sedan
A5: CL | C5: -3
A6: CD | C6: -1.8
A7: rho_air | C7: 1.225 | D7: Kg/m^3
A8: ARef | C8: 1.2 | D8: m^2
A9: sPressureCentre | C9: [-0.8 0 0.26] | D9: Kg

Sheet Spring
A1: Category | C1: Value | D1: Unit | E1: Comment
A2: Type | C2: Spring
A3: Instance | C3: Independent
A4: class | C4: Independent
A5: Axle1 | B5: class | C5: Linear
B6: K | C6: 52538.05 | D6: N/m
B7: xPreload | C7: 0.01559 | D7: m
A8: Axle2 | B8: class | C8: Linear
B9: K | C9: 43781.709 | D9: N/m
B10: xPreload | C10: 0.0139 | D10: M

Sheet Damper
A1: Category | C1: Value | D1: Unit | E1: Comment
A2: Type | C2: Spring
A3: Instance | C3: Independent
A4: class | C4: Independent
A5: Axle1 | B5: class | C5: Linear
B6: Damping | C6: 250000 | D6: N/m
B7: KxMax | C7: 100000 | D7: N/m
B8: KxMin | C8: 100000 | D8: N/m
B9: dxMin | C9: 150 | D9: N/m
B10: dxMax | C10: 150 | D10: N/m
B11: xTransition | C11: 0.0001 | D11: m
A12: Axle2 | B12: class | C12: Linear
B13: Damping | C13: 250000 | D13: N/m
B14: KxMax | C14: 100000 | D14: N/m
B15: KxMin | C15: 100000 | D15: N/m
B16: dxMin | C16: 150 | D16: N/m
B17: dxMax | C17: 150 | D17: N/m
B18: xTransition | C18: 0.0001 | D18: m

Sheet Tire
A1: Category | C1: Value | D1: Unit | E1: Comment
A2: Type | C2: Tire
A3: Instance | C3: MFMbody_Hoosier
A4: class | C4: MFMbody
A5: tirFile | C5: which(''Hoosier_20p5x7_13_R20.tir'') | D5: fileName | E5: tir file name
A6: Mass | C6: 10 | D6: Kg
A7: Inertia | C7: [1 2] | D7: Kg*m^2
A8: roadFile | C8: which(''TNO_FlatRoad.rdf'')' | D8: fileName
A9: CornerringStiffness | C9: 25000
A10: fContactPoint | C10: 0.01 | D10: sec | E10: Break algebraic loop between tire center position and contact point position and orientation
A11: TireBody | B11: class | C11: Parameterized
B12: sOffset | C12: [0 0 0] | D12: m

Sheet HardpointsFr
A1: Name | B1: X | C1: Y | D1: Z
A2: LowerWishbone Front Pickup | B2: 200 | C2: 203.347 | D2: 126.35
A3: LowerWishbone Rear Pickup | B3: -200 | C3: 225 | D3: 126.35
A4: LowerWishbone Outboard | B4: 11.946 | C4: 587.821 | D4: 153
A5: UpperWishbone Front Pickup | B5: 148.751 | C5: 207.047 | D5: 321.794
A6: UpperWishbone Rear Pickup | B6: -184.729 | C6: 225 | D6: 300.894
A7: UpperWishbone Outboard | B7: -12.932 | C7: 518.68 | D7: 381.393
A8: Upright CoG | B8: 16.194 | C8: 582.059 | D8: 270.346
A9: Wheel Center | B9: 0 | C9: 640 | D9: 267.361
A10: trackrod Inboard | B10: 104.241 | C10: 250 | D10: 171.053
A11: trackrod Outboard | B11: 85.098 | C11: 575.407 | D11: 195.444
A12: Shock Chassis Mount | B12: 11.157 | C12: 233.131 | D12: 517.551
A13: Shock Bottom | B13: 12.327 | C13: 316.687 | D13: 359.18
... A21: Steer Wheel | B21: -324.965 | C21: 0 | D21: 533.792

Sheet HardpointsRr
A1: Name | B1: X | C1: Y | D1: Z
A2: LowerWishbone Front Pickup | B2: = RC[3] + 1575.00000 | C2: 305 | D2: 126.35 | E2: -1390
A3: LowerWishbone Rear Pickup | C3: 270 | D3: 126.35 | E3: -1830
A4: LowerWishbone Outboard | C4: 573.947 | D4: 144.5 | E4: -1579.237
A5: UpperWishbone Front Pickup | C5: 305 | D5: 328.981 | E5: -1390
A6: UpperWishbone Rear Pickup | C6: 270 | D6: 354.475 | E6: -1830
A7: UpperWishbone Outboard | C7: 506.33 | D7: 389.471 | E7: -1569.845
A8: Upright CoG | C8: 566.642 | D8: 276.144 | E8: -1568.871
A9: Wheel Center | C9: 623.532 | D9: 267.361 | E9: -1574.599
A10: trackrod Inboard | C10: 270 | D10: 193.642 | E10: -1830
A11: trackrod Outboard | C11: 576.735 | D11: 232.331 | E11: -1675.904
A12: Shock Chassis Mount | C12: 283.399 | D12: 436.103 | E12: -1395.976
A13: Shock Bottom | C13: 267.161 | D13: 482.701 | E13: -1571.538
A14: Pushrod Outboard | C14: 526.395 | D14: 162.287 | E14: -1597.194
... A19: ARB to Bellcrank | C19: 287.566 | D19: 463.988 | E19: -1600.486
